"SAP Num","Manufacturer part no.","Base model code","Processor","Memory","HDD","Graphics","Mouse and Trackpad","Keyboard Options","Power","Colour","Ethernet","Stock","ALP","DAC"
4944945,"MRTT2B/A","MRTT2B/A","3.0GHz 6‑core 8th‑generation Intel Core i5 (Turbo Boost up to 4.1GHz)","8GB 2666MHz DDR4 SDRAM","256GB SSD/Flash","Intel UHD Graphics 630","Mouse is not included and must be purchased separately","Keyboard is not included and must be purchased separately","UK Power Supply","Space Grey","Gigabit Ethernet (10/100/1000BASE-T Gigabit Ethernet using RJ-45 connector)",12,915.83,888
4947825,"Z0W2_2000397423_CTO","MRTT2B/A","3.0GHz 6‑core 8th‑generation Intel Core i5 (Turbo Boost up to 4.1GHz)","8GB 2666MHz DDR4 SDRAM","256GB SSD/Flash","Intel UHD Graphics 630","Mouse is not included and must be purchased separately","Keyboard is not included and must be purchased separately","UK Power Supply","Space Grey","10 Gigabit Ethernet (Nbase-T Ethernet with support for 1Gb, 2.5Gb, 5Gb and 10Gb Ethernet using RJ‑45 connector)",0,990.83,961.18
4947801,"Z0W2_2000383795_CTO","MRTT2B/A","3.0GHz 6‑core 8th‑generation Intel Core i5 (Turbo Boost up to 4.1GHz)","8GB 2666MHz DDR4 SDRAM","512GB SSD/Flash","Intel UHD Graphics 630","Mouse is not included and must be purchased separately","Keyboard is not included and must be purchased separately","UK Power Supply","Space Grey","Gigabit Ethernet (10/100/1000BASE-T Gigabit Ethernet using RJ-45 connector)",0,1065.83,1034.37
4947833,"Z0W2_2000383797_CTO","MRTT2B/A","3.0GHz 6‑core 8th‑generation Intel Core i5 (Turbo Boost up to 4.1GHz)","8GB 2666MHz DDR4 SDRAM","512GB SSD/Flash","Intel UHD Graphics 630","Mouse is not included and must be purchased separately","Keyboard is not included and must be purchased separately","UK Power Supply","Space Grey","10 Gigabit Ethernet (Nbase-T Ethernet with support for 1Gb, 2.5Gb, 5Gb and 10Gb Ethernet using RJ‑45 connector)",0,1140.83,1107.55
4947802,"Z0W2_2000385122_CTO","MRTT2B/A","3.0GHz 6‑core 8th‑generation Intel Core i5 (Turbo Boost up to 4.1GHz)","8GB 2666MHz DDR4 SDRAM","1TB SSD/Flash","Intel UHD Graphics 630","Mouse is not included and must be purchased separately","Keyboard is not included and must be purchased separately","UK Power Supply","Space Grey","Gigabit Ethernet (10/100/1000BASE-T Gigabit Ethernet using RJ-45 connector)",0,1215.83,1179.73
4947834,"Z0W2_2000390241_CTO","MRTT2B/A","3.0GHz 6‑core 8th‑generation Intel Core i5 (Turbo Boost up to 4.1GHz)","8GB 2666MHz DDR4 SDRAM","1TB SSD/Flash","Intel UHD Graphics 630","Mouse is not included and must be purchased separately","Keyboard is not included and must be purchased separately","UK Power Supply","Space Grey","10 Gigabit Ethernet (Nbase-T Ethernet with support for 1Gb, 2.5Gb, 5Gb and 10Gb Ethernet using RJ‑45 connector)",0,1290.83,1252.91
4947803,"Z0W2_2000385123_CTO","MRTT2B/A","3.0GHz 6‑core 8th‑generation Intel Core i5 (Turbo Boost up to 4.1GHz)","8GB 2666MHz DDR4 SDRAM","2TB SSD/Flash","Intel UHD Graphics 630","Mouse is not included and must be purchased separately","Keyboard is not included and must be purchased separately","UK Power Supply","Space Grey","Gigabit Ethernet (10/100/1000BASE-T Gigabit Ethernet using RJ-45 connector)",0,1515.83,1471.46
4947835,"Z0W2_42_GB_CTO","MRTT2B/A","3.0GHz 6‑core 8th‑generation Intel Core i5 (Turbo Boost up to 4.1GHz)","8GB 2666MHz DDR4 SDRAM","2TB SSD/Flash","Intel UHD Graphics 630","Mouse is not included and must be purchased separately","Keyboard is not included and must be purchased separately","UK Power Supply","Space Grey","10 Gigabit Ethernet (Nbase-T Ethernet with support for 1Gb, 2.5Gb, 5Gb and 10Gb Ethernet using RJ‑45 connector)",0,1590.83,1544.64
4947795,"Z0W2_2000385117_CTO","MRTT2B/A","3.0GHz 6‑core 8th‑generation Intel Core i5 (Turbo Boost up to 4.1GHz)","16GB 2666MHz DDR4 SDRAM","256GB SSD/Flash","Intel UHD Graphics 630","Mouse is not included and must be purchased separately","Keyboard is not included and must be purchased separately","UK Power Supply","Space Grey","Gigabit Ethernet (10/100/1000BASE-T Gigabit Ethernet using RJ-45 connector)",0,1065.83,1034.37
4947827,"Z0W2_2000386888_CTO","MRTT2B/A","3.0GHz 6‑core 8th‑generation Intel Core i5 (Turbo Boost up to 4.1GHz)","16GB 2666MHz DDR4 SDRAM","256GB SSD/Flash","Intel UHD Graphics 630","Mouse is not included and must be purchased separately","Keyboard is not included and must be purchased separately","UK Power Supply","Space Grey","10 Gigabit Ethernet (Nbase-T Ethernet with support for 1Gb, 2.5Gb, 5Gb and 10Gb Ethernet using RJ‑45 connector)",0,1140.83,1107.55
4947807,"Z0W2_2000383796_CTO","MRTT2B/A","3.0GHz 6‑core 8th‑generation Intel Core i5 (Turbo Boost up to 4.1GHz)","16GB 2666MHz DDR4 SDRAM","512GB SSD/Flash","Intel UHD Graphics 630","Mouse is not included and must be purchased separately","Keyboard is not included and must be purchased separately","UK Power Supply","Space Grey","Gigabit Ethernet (10/100/1000BASE-T Gigabit Ethernet using RJ-45 connector)",0,1215.83,1180.74
4947839,"Z0W2_2000390635_CTO","MRTT2B/A","3.0GHz 6‑core 8th‑generation Intel Core i5 (Turbo Boost up to 4.1GHz)","16GB 2666MHz DDR4 SDRAM","512GB SSD/Flash","Intel UHD Graphics 630","Mouse is not included and must be purchased separately","Keyboard is not included and must be purchased separately","UK Power Supply","Space Grey","10 Gigabit Ethernet (Nbase-T Ethernet with support for 1Gb, 2.5Gb, 5Gb and 10Gb Ethernet using RJ‑45 connector)",0,1290.83,1253.92
4947808,"Z0W2_2000385128_CTO","MRTT2B/A","3.0GHz 6‑core 8th‑generation Intel Core i5 (Turbo Boost up to 4.1GHz)","16GB 2666MHz DDR4 SDRAM","1TB SSD/Flash","Intel UHD Graphics 630","Mouse is not included and must be purchased separately","Keyboard is not included and must be purchased separately","UK Power Supply","Space Grey","Gigabit Ethernet (10/100/1000BASE-T Gigabit Ethernet using RJ-45 connector)",0,1365.83,1326.1
4947840,"Z0W2_2000388327_CTO","MRTT2B/A","3.0GHz 6‑core 8th‑generation Intel Core i5 (Turbo Boost up to 4.1GHz)","16GB 2666MHz DDR4 SDRAM","1TB SSD/Flash","Intel UHD Graphics 630","Mouse is not included and must be purchased separately","Keyboard is not included and must be purchased separately","UK Power Supply","Space Grey","10 Gigabit Ethernet (Nbase-T Ethernet with support for 1Gb, 2.5Gb, 5Gb and 10Gb Ethernet using RJ‑45 connector)",0,1440.83,1399.28
4947809,"Z0W2_2000385129_CTO","MRTT2B/A","3.0GHz 6‑core 8th‑generation Intel Core i5 (Turbo Boost up to 4.1GHz)","16GB 2666MHz DDR4 SDRAM","2TB SSD/Flash","Intel UHD Graphics 630","Mouse is not included and must be purchased separately","Keyboard is not included and must be purchased separately","UK Power Supply","Space Grey","Gigabit Ethernet (10/100/1000BASE-T Gigabit Ethernet using RJ-45 connector)",0,1665.83,1617.83
4947841,"Z0W2_2000452379_CTO","MRTT2B/A","3.0GHz 6‑core 8th‑generation Intel Core i5 (Turbo Boost up to 4.1GHz)","16GB 2666MHz DDR4 SDRAM","2TB SSD/Flash","Intel UHD Graphics 630","Mouse is not included and must be purchased separately","Keyboard is not included and must be purchased separately","UK Power Supply","Space Grey","10 Gigabit Ethernet (Nbase-T Ethernet with support for 1Gb, 2.5Gb, 5Gb and 10Gb Ethernet using RJ‑45 connector)",0,1740.83,1691.01
4947796,"Z0W2_2000385119_CTO","MRTT2B/A","3.0GHz 6‑core 8th‑generation Intel Core i5 (Turbo Boost up to 4.1GHz)","32GB 2666MHz DDR4 SDRAM","256GB SSD/Flash","Intel UHD Graphics 630","Mouse is not included and must be purchased separately","Keyboard is not included and must be purchased separately","UK Power Supply","Space Grey","Gigabit Ethernet (10/100/1000BASE-T Gigabit Ethernet using RJ-45 connector)",0,1365.83,1326.1
4947828,"Z0W2_35_GB_CTO","MRTT2B/A","3.0GHz 6‑core 8th‑generation Intel Core i5 (Turbo Boost up to 4.1GHz)","32GB 2666MHz DDR4 SDRAM","256GB SSD/Flash","Intel UHD Graphics 630","Mouse is not included and must be purchased separately","Keyboard is not included and must be purchased separately","UK Power Supply","Space Grey","10 Gigabit Ethernet (Nbase-T Ethernet with support for 1Gb, 2.5Gb, 5Gb and 10Gb Ethernet using RJ‑45 connector)",0,1440.83,1399.28
4947810,"Z0W2_2000385130_CTO","MRTT2B/A","3.0GHz 6‑core 8th‑generation Intel Core i5 (Turbo Boost up to 4.1GHz)","32GB 2666MHz DDR4 SDRAM","512GB SSD/Flash","Intel UHD Graphics 630","Mouse is not included and must be purchased separately","Keyboard is not included and must be purchased separately","UK Power Supply","Space Grey","Gigabit Ethernet (10/100/1000BASE-T Gigabit Ethernet using RJ-45 connector)",0,1515.83,1472.47
4947842,"Z0W2_2000394693_CTO","MRTT2B/A","3.0GHz 6‑core 8th‑generation Intel Core i5 (Turbo Boost up to 4.1GHz)","32GB 2666MHz DDR4 SDRAM","512GB SSD/Flash","Intel UHD Graphics 630","Mouse is not included and must be purchased separately","Keyboard is not included and must be purchased separately","UK Power Supply","Space Grey","10 Gigabit Ethernet (Nbase-T Ethernet with support for 1Gb, 2.5Gb, 5Gb and 10Gb Ethernet using RJ‑45 connector)",0,1590.83,1545.65
4947811,"Z0W2_2000385131_CTO","MRTT2B/A","3.0GHz 6‑core 8th‑generation Intel Core i5 (Turbo Boost up to 4.1GHz)","32GB 2666MHz DDR4 SDRAM","1TB SSD/Flash","Intel UHD Graphics 630","Mouse is not included and must be purchased separately","Keyboard is not included and must be purchased separately","UK Power Supply","Space Grey","Gigabit Ethernet (10/100/1000BASE-T Gigabit Ethernet using RJ-45 connector)",0,1665.83,1617.83
4947843,"Z0W2_50_GB_CTO","MRTT2B/A","3.0GHz 6‑core 8th‑generation Intel Core i5 (Turbo Boost up to 4.1GHz)","32GB 2666MHz DDR4 SDRAM","1TB SSD/Flash","Intel UHD Graphics 630","Mouse is not included and must be purchased separately","Keyboard is not included and must be purchased separately","UK Power Supply","Space Grey","10 Gigabit Ethernet (Nbase-T Ethernet with support for 1Gb, 2.5Gb, 5Gb and 10Gb Ethernet using RJ‑45 connector)",0,1740.83,1691.01
4947812,"Z0W2_2000385132_CTO","MRTT2B/A","3.0GHz 6‑core 8th‑generation Intel Core i5 (Turbo Boost up to 4.1GHz)","32GB 2666MHz DDR4 SDRAM","2TB SSD/Flash","Intel UHD Graphics 630","Mouse is not included and must be purchased separately","Keyboard is not included and must be purchased separately","UK Power Supply","Space Grey","Gigabit Ethernet (10/100/1000BASE-T Gigabit Ethernet using RJ-45 connector)",0,1965.83,1909.56
4947844,"Z0W2_2000394464_CTO","MRTT2B/A","3.0GHz 6‑core 8th‑generation Intel Core i5 (Turbo Boost up to 4.1GHz)","32GB 2666MHz DDR4 SDRAM","2TB SSD/Flash","Intel UHD Graphics 630","Mouse is not included and must be purchased separately","Keyboard is not included and must be purchased separately","UK Power Supply","Space Grey","10 Gigabit Ethernet (Nbase-T Ethernet with support for 1Gb, 2.5Gb, 5Gb and 10Gb Ethernet using RJ‑45 connector)",0,2040.83,1982.74
4947797,"Z0W2_2000385120_CTO","MRTT2B/A","3.0GHz 6‑core 8th‑generation Intel Core i5 (Turbo Boost up to 4.1GHz)","64GB 2666MHz DDR4 SDRAM ","256GB SSD/Flash","Intel UHD Graphics 630","Mouse is not included and must be purchased separately","Keyboard is not included and must be purchased separately","UK Power Supply","Space Grey","Gigabit Ethernet (10/100/1000BASE-T Gigabit Ethernet using RJ-45 connector)",0,1665.83,1617.82
4947829,"Z0W2_36_GB_CTO","MRTT2B/A","3.0GHz 6‑core 8th‑generation Intel Core i5 (Turbo Boost up to 4.1GHz)","64GB 2666MHz DDR4 SDRAM ","256GB SSD/Flash","Intel UHD Graphics 630","Mouse is not included and must be purchased separately","Keyboard is not included and must be purchased separately","UK Power Supply","Space Grey","10 Gigabit Ethernet (Nbase-T Ethernet with support for 1Gb, 2.5Gb, 5Gb and 10Gb Ethernet using RJ‑45 connector)",0,1740.83,1691
4947813,"Z0W2_2000385136_CTO","MRTT2B/A","3.0GHz 6‑core 8th‑generation Intel Core i5 (Turbo Boost up to 4.1GHz)","64GB 2666MHz DDR4 SDRAM ","512GB SSD/Flash","Intel UHD Graphics 630","Mouse is not included and must be purchased separately","Keyboard is not included and must be purchased separately","UK Power Supply","Space Grey","Gigabit Ethernet (10/100/1000BASE-T Gigabit Ethernet using RJ-45 connector)",0,1815.83,1764.19
4947845,"Z0W2_52_GB_CTO","MRTT2B/A","3.0GHz 6‑core 8th‑generation Intel Core i5 (Turbo Boost up to 4.1GHz)","64GB 2666MHz DDR4 SDRAM ","512GB SSD/Flash","Intel UHD Graphics 630","Mouse is not included and must be purchased separately","Keyboard is not included and must be purchased separately","UK Power Supply","Space Grey","10 Gigabit Ethernet (Nbase-T Ethernet with support for 1Gb, 2.5Gb, 5Gb and 10Gb Ethernet using RJ‑45 connector)",0,1890.83,1837.37
4947814,"Z0W2_2000385137_CTO","MRTT2B/A","3.0GHz 6‑core 8th‑generation Intel Core i5 (Turbo Boost up to 4.1GHz)","64GB 2666MHz DDR4 SDRAM ","1TB SSD/Flash","Intel UHD Graphics 630","Mouse is not included and must be purchased separately","Keyboard is not included and must be purchased separately","UK Power Supply","Space Grey","Gigabit Ethernet (10/100/1000BASE-T Gigabit Ethernet using RJ-45 connector)",0,1965.83,1909.55
4947846,"Z0W2_53_GB_CTO","MRTT2B/A","3.0GHz 6‑core 8th‑generation Intel Core i5 (Turbo Boost up to 4.1GHz)","64GB 2666MHz DDR4 SDRAM ","1TB SSD/Flash","Intel UHD Graphics 630","Mouse is not included and must be purchased separately","Keyboard is not included and must be purchased separately","UK Power Supply","Space Grey","10 Gigabit Ethernet (Nbase-T Ethernet with support for 1Gb, 2.5Gb, 5Gb and 10Gb Ethernet using RJ‑45 connector)",0,2040.83,1982.73
4947815,"Z0W2_2000385138_CTO","MRTT2B/A","3.0GHz 6‑core 8th‑generation Intel Core i5 (Turbo Boost up to 4.1GHz)","64GB 2666MHz DDR4 SDRAM ","2TB SSD/Flash","Intel UHD Graphics 630","Mouse is not included and must be purchased separately","Keyboard is not included and must be purchased separately","UK Power Supply","Space Grey","Gigabit Ethernet (10/100/1000BASE-T Gigabit Ethernet using RJ-45 connector)",0,2265.83,2201.28
4947847,"Z0W2_54_GB_CTO","MRTT2B/A","3.0GHz 6‑core 8th‑generation Intel Core i5 (Turbo Boost up to 4.1GHz)","64GB 2666MHz DDR4 SDRAM ","2TB SSD/Flash","Intel UHD Graphics 630","Mouse is not included and must be purchased separately","Keyboard is not included and must be purchased separately","UK Power Supply","Space Grey","10 Gigabit Ethernet (Nbase-T Ethernet with support for 1Gb, 2.5Gb, 5Gb and 10Gb Ethernet using RJ‑45 connector)",0,2340.83,2274.46
4947794,"Z0W2_2000384520_CTO","MRTT2B/A","3.2GHz 6‑core 8th‑generation Intel Core i7 (Turbo Boost up to 4.6GHz)","8GB 2666MHz DDR4 SDRAM","256GB SSD/Flash","Intel UHD Graphics 630","Mouse is not included and must be purchased separately","Keyboard is not included and must be purchased separately","UK Power Supply","Space Grey","Gigabit Ethernet (10/100/1000BASE-T Gigabit Ethernet using RJ-45 connector)",0,1040.83,1009.3
4947826,"Z0W2_2000386714_CTO","MRTT2B/A","3.2GHz 6‑core 8th‑generation Intel Core i7 (Turbo Boost up to 4.6GHz)","8GB 2666MHz DDR4 SDRAM","256GB SSD/Flash","Intel UHD Graphics 630","Mouse is not included and must be purchased separately","Keyboard is not included and must be purchased separately","UK Power Supply","Space Grey","10 Gigabit Ethernet (Nbase-T Ethernet with support for 1Gb, 2.5Gb, 5Gb and 10Gb Ethernet using RJ‑45 connector)",0,1115.83,1082.48
4947804,"Z0W2_2000385124_CTO","MRTT2B/A","3.2GHz 6‑core 8th‑generation Intel Core i7 (Turbo Boost up to 4.6GHz)","8GB 2666MHz DDR4 SDRAM","512GB SSD/Flash","Intel UHD Graphics 630","Mouse is not included and must be purchased separately","Keyboard is not included and must be purchased separately","UK Power Supply","Space Grey","Gigabit Ethernet (10/100/1000BASE-T Gigabit Ethernet using RJ-45 connector)",0,1190.83,1155.67
4947836,"Z0W2_2000408891_CTO","MRTT2B/A","3.2GHz 6‑core 8th‑generation Intel Core i7 (Turbo Boost up to 4.6GHz)","8GB 2666MHz DDR4 SDRAM","512GB SSD/Flash","Intel UHD Graphics 630","Mouse is not included and must be purchased separately","Keyboard is not included and must be purchased separately","UK Power Supply","Space Grey","10 Gigabit Ethernet (Nbase-T Ethernet with support for 1Gb, 2.5Gb, 5Gb and 10Gb Ethernet using RJ‑45 connector)",0,1265.83,1228.85
4947805,"Z0W2_2000385126_CTO","MRTT2B/A","3.2GHz 6‑core 8th‑generation Intel Core i7 (Turbo Boost up to 4.6GHz)","8GB 2666MHz DDR4 SDRAM","1TB SSD/Flash","Intel UHD Graphics 630","Mouse is not included and must be purchased separately","Keyboard is not included and must be purchased separately","UK Power Supply","Space Grey","Gigabit Ethernet (10/100/1000BASE-T Gigabit Ethernet using RJ-45 connector)",0,1340.83,1301.03
4947837,"Z0W2_2000396264_CTO","MRTT2B/A","3.2GHz 6‑core 8th‑generation Intel Core i7 (Turbo Boost up to 4.6GHz)","8GB 2666MHz DDR4 SDRAM","1TB SSD/Flash","Intel UHD Graphics 630","Mouse is not included and must be purchased separately","Keyboard is not included and must be purchased separately","UK Power Supply","Space Grey","10 Gigabit Ethernet (Nbase-T Ethernet with support for 1Gb, 2.5Gb, 5Gb and 10Gb Ethernet using RJ‑45 connector)",0,1415.83,1374.21
4947806,"Z0W2_2000385127_CTO","MRTT2B/A","3.2GHz 6‑core 8th‑generation Intel Core i7 (Turbo Boost up to 4.6GHz)","8GB 2666MHz DDR4 SDRAM","2TB SSD/Flash","Intel UHD Graphics 630","Mouse is not included and must be purchased separately","Keyboard is not included and must be purchased separately","UK Power Supply","Space Grey","Gigabit Ethernet (10/100/1000BASE-T Gigabit Ethernet using RJ-45 connector)",0,1640.83,1592.76
4947838,"Z0W2_2000425503_CTO","MRTT2B/A","3.2GHz 6‑core 8th‑generation Intel Core i7 (Turbo Boost up to 4.6GHz)","8GB 2666MHz DDR4 SDRAM","2TB SSD/Flash","Intel UHD Graphics 630","Mouse is not included and must be purchased separately","Keyboard is not included and must be purchased separately","UK Power Supply","Space Grey","10 Gigabit Ethernet (Nbase-T Ethernet with support for 1Gb, 2.5Gb, 5Gb and 10Gb Ethernet using RJ‑45 connector)",0,1715.83,1665.94
4947798,"Z0W2_2000384917_CTO","MRTT2B/A","3.2GHz 6‑core 8th‑generation Intel Core i7 (Turbo Boost up to 4.6GHz)","16GB 2666MHz DDR4 SDRAM","256GB SSD/Flash","Intel UHD Graphics 630","Mouse is not included and must be purchased separately","Keyboard is not included and must be purchased separately","UK Power Supply","Space Grey","Gigabit Ethernet (10/100/1000BASE-T Gigabit Ethernet using RJ-45 connector)",0,1190.83,1155.67
4947830,"Z0W2_2000387239_CTO","MRTT2B/A","3.2GHz 6‑core 8th‑generation Intel Core i7 (Turbo Boost up to 4.6GHz)","16GB 2666MHz DDR4 SDRAM","256GB SSD/Flash","Intel UHD Graphics 630","Mouse is not included and must be purchased separately","Keyboard is not included and must be purchased separately","UK Power Supply","Space Grey","10 Gigabit Ethernet (Nbase-T Ethernet with support for 1Gb, 2.5Gb, 5Gb and 10Gb Ethernet using RJ‑45 connector)",0,1265.83,1228.85
4947816,"Z0W2_2000385139_CTO","MRTT2B/A","3.2GHz 6‑core 8th‑generation Intel Core i7 (Turbo Boost up to 4.6GHz)","16GB 2666MHz DDR4 SDRAM","512GB SSD/Flash","Intel UHD Graphics 630","Mouse is not included and must be purchased separately","Keyboard is not included and must be purchased separately","UK Power Supply","Space Grey","Gigabit Ethernet (10/100/1000BASE-T Gigabit Ethernet using RJ-45 connector)",0,1340.83,1302.04
4947848,"Z0W2_2000384920_CTO","MRTT2B/A","3.2GHz 6‑core 8th‑generation Intel Core i7 (Turbo Boost up to 4.6GHz)","16GB 2666MHz DDR4 SDRAM","512GB SSD/Flash","Intel UHD Graphics 630","Mouse is not included and must be purchased separately","Keyboard is not included and must be purchased separately","UK Power Supply","Space Grey","10 Gigabit Ethernet (Nbase-T Ethernet with support for 1Gb, 2.5Gb, 5Gb and 10Gb Ethernet using RJ‑45 connector)",0,1415.83,1375.22
4947817,"Z0W2_2000385140_CTO","MRTT2B/A","3.2GHz 6‑core 8th‑generation Intel Core i7 (Turbo Boost up to 4.6GHz)","16GB 2666MHz DDR4 SDRAM","1TB SSD/Flash","Intel UHD Graphics 630","Mouse is not included and must be purchased separately","Keyboard is not included and must be purchased separately","UK Power Supply","Space Grey","Gigabit Ethernet (10/100/1000BASE-T Gigabit Ethernet using RJ-45 connector)",0,1490.83,1447.4
4947849,"Z0W2_2000419275_CTO","MRTT2B/A","3.2GHz 6‑core 8th‑generation Intel Core i7 (Turbo Boost up to 4.6GHz)","16GB 2666MHz DDR4 SDRAM","1TB SSD/Flash","Intel UHD Graphics 630","Mouse is not included and must be purchased separately","Keyboard is not included and must be purchased separately","UK Power Supply","Space Grey","10 Gigabit Ethernet (Nbase-T Ethernet with support for 1Gb, 2.5Gb, 5Gb and 10Gb Ethernet using RJ‑45 connector)",0,1565.83,1520.58
4947818,"Z0W2_2000385141_CTO","MRTT2B/A","3.2GHz 6‑core 8th‑generation Intel Core i7 (Turbo Boost up to 4.6GHz)","16GB 2666MHz DDR4 SDRAM","2TB SSD/Flash","Intel UHD Graphics 630","Mouse is not included and must be purchased separately","Keyboard is not included and must be purchased separately","UK Power Supply","Space Grey","Gigabit Ethernet (10/100/1000BASE-T Gigabit Ethernet using RJ-45 connector)",0,1790.83,1739.13
4947850,"Z0W2_2000414668_CTO","MRTT2B/A","3.2GHz 6‑core 8th‑generation Intel Core i7 (Turbo Boost up to 4.6GHz)","16GB 2666MHz DDR4 SDRAM","2TB SSD/Flash","Intel UHD Graphics 630","Mouse is not included and must be purchased separately","Keyboard is not included and must be purchased separately","UK Power Supply","Space Grey","10 Gigabit Ethernet (Nbase-T Ethernet with support for 1Gb, 2.5Gb, 5Gb and 10Gb Ethernet using RJ‑45 connector)",0,1865.83,1812.31
4947799,"Z0W2_2000384918_CTO","MRTT2B/A","3.2GHz 6‑core 8th‑generation Intel Core i7 (Turbo Boost up to 4.6GHz)","32GB 2666MHz DDR4 SDRAM","256GB SSD/Flash","Intel UHD Graphics 630","Mouse is not included and must be purchased separately","Keyboard is not included and must be purchased separately","UK Power Supply","Space Grey","Gigabit Ethernet (10/100/1000BASE-T Gigabit Ethernet using RJ-45 connector)",0,1490.83,1447.4
4947831,"Z0W2_2000384919_CTO","MRTT2B/A","3.2GHz 6‑core 8th‑generation Intel Core i7 (Turbo Boost up to 4.6GHz)","32GB 2666MHz DDR4 SDRAM","256GB SSD/Flash","Intel UHD Graphics 630","Mouse is not included and must be purchased separately","Keyboard is not included and must be purchased separately","UK Power Supply","Space Grey","10 Gigabit Ethernet (Nbase-T Ethernet with support for 1Gb, 2.5Gb, 5Gb and 10Gb Ethernet using RJ‑45 connector)",0,1565.83,1520.58
4947819,"Z0W2_2000384521_CTO","MRTT2B/A","3.2GHz 6‑core 8th‑generation Intel Core i7 (Turbo Boost up to 4.6GHz)","32GB 2666MHz DDR4 SDRAM","512GB SSD/Flash","Intel UHD Graphics 630","Mouse is not included and must be purchased separately","Keyboard is not included and must be purchased separately","UK Power Supply","Space Grey","Gigabit Ethernet (10/100/1000BASE-T Gigabit Ethernet using RJ-45 connector)",0,1640.83,1593.77
4947735,"Z0W2_2000388329_CTO","MRTT2B/A","3.2GHz 6‑core 8th‑generation Intel Core i7 (Turbo Boost up to 4.6GHz)","32GB 2666MHz DDR4 SDRAM","512GB SSD/Flash","Intel UHD Graphics 630","Mouse is not included and must be purchased separately","Keyboard is not included and must be purchased separately","UK Power Supply","Space Grey","10 Gigabit Ethernet (Nbase-T Ethernet with support for 1Gb, 2.5Gb, 5Gb and 10Gb Ethernet using RJ‑45 connector)",0,1715.83,1666.95
4947820,"Z0W2_2000384626_CTO","MRTT2B/A","3.2GHz 6‑core 8th‑generation Intel Core i7 (Turbo Boost up to 4.6GHz)","32GB 2666MHz DDR4 SDRAM","1TB SSD/Flash","Intel UHD Graphics 630","Mouse is not included and must be purchased separately","Keyboard is not included and must be purchased separately","UK Power Supply","Space Grey","Gigabit Ethernet (10/100/1000BASE-T Gigabit Ethernet using RJ-45 connector)",0,1790.83,1739.13
4947736,"Z0W2_2000383006_CTO","MRTT2B/A","3.2GHz 6‑core 8th‑generation Intel Core i7 (Turbo Boost up to 4.6GHz)","32GB 2666MHz DDR4 SDRAM","1TB SSD/Flash","Intel UHD Graphics 630","Mouse is not included and must be purchased separately","Keyboard is not included and must be purchased separately","UK Power Supply","Space Grey","10 Gigabit Ethernet (Nbase-T Ethernet with support for 1Gb, 2.5Gb, 5Gb and 10Gb Ethernet using RJ‑45 connector)",0,1865.83,1812.31
4947821,"Z0W2_2000384627_CTO","MRTT2B/A","3.2GHz 6‑core 8th‑generation Intel Core i7 (Turbo Boost up to 4.6GHz)","32GB 2666MHz DDR4 SDRAM","2TB SSD/Flash","Intel UHD Graphics 630","Mouse is not included and must be purchased separately","Keyboard is not included and must be purchased separately","UK Power Supply","Space Grey","Gigabit Ethernet (10/100/1000BASE-T Gigabit Ethernet using RJ-45 connector)",0,2090.83,2030.86
4947737,"Z0W2_2000470795_CTO","MRTT2B/A","3.2GHz 6‑core 8th‑generation Intel Core i7 (Turbo Boost up to 4.6GHz)","32GB 2666MHz DDR4 SDRAM","2TB SSD/Flash","Intel UHD Graphics 630","Mouse is not included and must be purchased separately","Keyboard is not included and must be purchased separately","UK Power Supply","Space Grey","10 Gigabit Ethernet (Nbase-T Ethernet with support for 1Gb, 2.5Gb, 5Gb and 10Gb Ethernet using RJ‑45 connector)",0,2165.83,2104.04
4947800,"Z0W2_2000385121_CTO","MRTT2B/A","3.2GHz 6‑core 8th‑generation Intel Core i7 (Turbo Boost up to 4.6GHz)","64GB 2666MHz DDR4 SDRAM ","256GB SSD/Flash","Intel UHD Graphics 630","Mouse is not included and must be purchased separately","Keyboard is not included and must be purchased separately","UK Power Supply","Space Grey","Gigabit Ethernet (10/100/1000BASE-T Gigabit Ethernet using RJ-45 connector)",0,1790.83,1739.12
4947832,"Z0W2_2000387341_CTO","MRTT2B/A","3.2GHz 6‑core 8th‑generation Intel Core i7 (Turbo Boost up to 4.6GHz)","64GB 2666MHz DDR4 SDRAM ","256GB SSD/Flash","Intel UHD Graphics 630","Mouse is not included and must be purchased separately","Keyboard is not included and must be purchased separately","UK Power Supply","Space Grey","10 Gigabit Ethernet (Nbase-T Ethernet with support for 1Gb, 2.5Gb, 5Gb and 10Gb Ethernet using RJ‑45 connector)",0,1865.83,1812.3
4947822,"Z0W2_2000387238_CTO","MRTT2B/A","3.2GHz 6‑core 8th‑generation Intel Core i7 (Turbo Boost up to 4.6GHz)","64GB 2666MHz DDR4 SDRAM ","512GB SSD/Flash","Intel UHD Graphics 630","Mouse is not included and must be purchased separately","Keyboard is not included and must be purchased separately","UK Power Supply","Space Grey","Gigabit Ethernet (10/100/1000BASE-T Gigabit Ethernet using RJ-45 connector)",0,1940.83,1885.49
4947738,"Z0W2_2000404461_CTO","MRTT2B/A","3.2GHz 6‑core 8th‑generation Intel Core i7 (Turbo Boost up to 4.6GHz)","64GB 2666MHz DDR4 SDRAM ","512GB SSD/Flash","Intel UHD Graphics 630","Mouse is not included and must be purchased separately","Keyboard is not included and must be purchased separately","UK Power Supply","Space Grey","10 Gigabit Ethernet (Nbase-T Ethernet with support for 1Gb, 2.5Gb, 5Gb and 10Gb Ethernet using RJ‑45 connector)",0,2015.83,1958.67
4947823,"Z0W2_2000389947_CTO","MRTT2B/A","3.2GHz 6‑core 8th‑generation Intel Core i7 (Turbo Boost up to 4.6GHz)","64GB 2666MHz DDR4 SDRAM ","1TB SSD/Flash","Intel UHD Graphics 630","Mouse is not included and must be purchased separately","Keyboard is not included and must be purchased separately","UK Power Supply","Space Grey","Gigabit Ethernet (10/100/1000BASE-T Gigabit Ethernet using RJ-45 connector)",0,2090.83,2030.85
4947739,"Z0W2_2000388330_CTO","MRTT2B/A","3.2GHz 6‑core 8th‑generation Intel Core i7 (Turbo Boost up to 4.6GHz)","64GB 2666MHz DDR4 SDRAM ","1TB SSD/Flash","Intel UHD Graphics 630","Mouse is not included and must be purchased separately","Keyboard is not included and must be purchased separately","UK Power Supply","Space Grey","10 Gigabit Ethernet (Nbase-T Ethernet with support for 1Gb, 2.5Gb, 5Gb and 10Gb Ethernet using RJ‑45 connector)",0,2165.83,2104.03
4947824,"Z0W2_2000393963_CTO","MRTT2B/A","3.2GHz 6‑core 8th‑generation Intel Core i7 (Turbo Boost up to 4.6GHz)","64GB 2666MHz DDR4 SDRAM ","2TB SSD/Flash","Intel UHD Graphics 630","Mouse is not included and must be purchased separately","Keyboard is not included and must be purchased separately","UK Power Supply","Space Grey","Gigabit Ethernet (10/100/1000BASE-T Gigabit Ethernet using RJ-45 connector)",0,2390.83,2322.58
4947740,"Z0W2_2000388332_CTO","MRTT2B/A","3.2GHz 6‑core 8th‑generation Intel Core i7 (Turbo Boost up to 4.6GHz)","64GB 2666MHz DDR4 SDRAM ","2TB SSD/Flash","Intel UHD Graphics 630","Mouse is not included and must be purchased separately","Keyboard is not included and must be purchased separately","UK Power Supply","Space Grey","10 Gigabit Ethernet (Nbase-T Ethernet with support for 1Gb, 2.5Gb, 5Gb and 10Gb Ethernet using RJ‑45 connector)",0,2465.83,2395.76
4944944,"MRTR2B/A","MRTR2B/A","3.6GHz quad‑core 8th‑generation Intel Core i3","8GB 2666MHz DDR4 SDRAM","128GB SSD","Intel UHD Graphics 630","Mouse is not included and must be purchased separately","Keyboard is not included and must be purchased separately","UK Power Supply","Space Grey","Gigabit Ethernet (10/100/1000BASE-T Gigabit Ethernet using RJ-45 connector)",30,665.83,646
4947674,"Z0W1_2000389946_CTO","MRTR2B/A","3.6GHz quad‑core 8th‑generation Intel Core i3","8GB 2666MHz DDR4 SDRAM","128GB SSD","Intel UHD Graphics 630","Mouse is not included and must be purchased separately","Keyboard is not included and must be purchased separately","UK Power Supply","Space Grey","10 Gigabit Ethernet (Nbase-T Ethernet with support for 1Gb, 2.5Gb, 5Gb and 10Gb Ethernet using RJ‑45 connector)",0,740.83,719.18
4944300,"Z0W1_2000383786_CTO","MRTR2B/A","3.6GHz quad‑core 8th‑generation Intel Core i3","8GB 2666MHz DDR4 SDRAM","256GB SSD/Flash","Intel UHD Graphics 630","Mouse is not included and must be purchased separately","Keyboard is not included and must be purchased separately","UK Power Supply","Space Grey","Gigabit Ethernet (10/100/1000BASE-T Gigabit Ethernet using RJ-45 connector)",0,815.83,792.37
4947682,"Z0W1_2000383790_CTO","MRTR2B/A","3.6GHz quad‑core 8th‑generation Intel Core i3","8GB 2666MHz DDR4 SDRAM","256GB SSD/Flash","Intel UHD Graphics 630","Mouse is not included and must be purchased separately","Keyboard is not included and must be purchased separately","UK Power Supply","Space Grey","10 Gigabit Ethernet (Nbase-T Ethernet with support for 1Gb, 2.5Gb, 5Gb and 10Gb Ethernet using RJ‑45 connector)",0,890.83,865.55
4947611,"Z0W1_2000383787_CTO","MRTR2B/A","3.6GHz quad‑core 8th‑generation Intel Core i3","8GB 2666MHz DDR4 SDRAM","512GB SSD/Flash","Intel UHD Graphics 630","Mouse is not included and must be purchased separately","Keyboard is not included and must be purchased separately","UK Power Supply","Space Grey","Gigabit Ethernet (10/100/1000BASE-T Gigabit Ethernet using RJ-45 connector)",0,965.83,937.73
4947683,"Z0W1_2000383792_CTO","MRTR2B/A","3.6GHz quad‑core 8th‑generation Intel Core i3","8GB 2666MHz DDR4 SDRAM","512GB SSD/Flash","Intel UHD Graphics 630","Mouse is not included and must be purchased separately","Keyboard is not included and must be purchased separately","UK Power Supply","Space Grey","10 Gigabit Ethernet (Nbase-T Ethernet with support for 1Gb, 2.5Gb, 5Gb and 10Gb Ethernet using RJ‑45 connector)",0,1040.83,1010.91
4947612,"Z0W1_2000385091_CTO","MRTR2B/A","3.6GHz quad‑core 8th‑generation Intel Core i3","8GB 2666MHz DDR4 SDRAM","1TB SSD/Flash","Intel UHD Graphics 630","Mouse is not included and must be purchased separately","Keyboard is not included and must be purchased separately","UK Power Supply","Space Grey","Gigabit Ethernet (10/100/1000BASE-T Gigabit Ethernet using RJ-45 connector)",0,1115.83,1084.1
4947684,"Z0W1_2000415993_CTO","MRTR2B/A","3.6GHz quad‑core 8th‑generation Intel Core i3","8GB 2666MHz DDR4 SDRAM","1TB SSD/Flash","Intel UHD Graphics 630","Mouse is not included and must be purchased separately","Keyboard is not included and must be purchased separately","UK Power Supply","Space Grey","10 Gigabit Ethernet (Nbase-T Ethernet with support for 1Gb, 2.5Gb, 5Gb and 10Gb Ethernet using RJ‑45 connector)",0,1190.83,1157.28
4947613,"Z0W1_2000385092_CTO","MRTR2B/A","3.6GHz quad‑core 8th‑generation Intel Core i3","8GB 2666MHz DDR4 SDRAM","2TB SSD/Flash","Intel UHD Graphics 630","Mouse is not included and must be purchased separately","Keyboard is not included and must be purchased separately","UK Power Supply","Space Grey","Gigabit Ethernet (10/100/1000BASE-T Gigabit Ethernet using RJ-45 connector)",0,1415.83,1375.82
4947685,"Z0W1_51_GB_CTO","MRTR2B/A","3.6GHz quad‑core 8th‑generation Intel Core i3","8GB 2666MHz DDR4 SDRAM","2TB SSD/Flash","Intel UHD Graphics 630","Mouse is not included and must be purchased separately","Keyboard is not included and must be purchased separately","UK Power Supply","Space Grey","10 Gigabit Ethernet (Nbase-T Ethernet with support for 1Gb, 2.5Gb, 5Gb and 10Gb Ethernet using RJ‑45 connector)",0,1490.83,1449
4944294,"Z0W1_2000384624_CTO","MRTR2B/A","3.6GHz quad‑core 8th‑generation Intel Core i3","16GB 2666MHz DDR4 SDRAM","128GB SSD","Intel UHD Graphics 630","Mouse is not included and must be purchased separately","Keyboard is not included and must be purchased separately","UK Power Supply","Space Grey","Gigabit Ethernet (10/100/1000BASE-T Gigabit Ethernet using RJ-45 connector)",2,815.83,792.37
4947676,"Z0W1_2000393961_CTO","MRTR2B/A","3.6GHz quad‑core 8th‑generation Intel Core i3","16GB 2666MHz DDR4 SDRAM","128GB SSD","Intel UHD Graphics 630","Mouse is not included and must be purchased separately","Keyboard is not included and must be purchased separately","UK Power Supply","Space Grey","10 Gigabit Ethernet (Nbase-T Ethernet with support for 1Gb, 2.5Gb, 5Gb and 10Gb Ethernet using RJ‑45 connector)",0,890.83,865.55
4947650,"Z0W1_2000383005_CTO","MRTR2B/A","3.6GHz quad‑core 8th‑generation Intel Core i3","16GB 2666MHz DDR4 SDRAM","256GB SSD/Flash","Intel UHD Graphics 630","Mouse is not included and must be purchased separately","Keyboard is not included and must be purchased separately","UK Power Supply","Space Grey","Gigabit Ethernet (10/100/1000BASE-T Gigabit Ethernet using RJ-45 connector)",0,965.83,938.74
4947690,"Z0W1_2000457873_CTO","MRTR2B/A","3.6GHz quad‑core 8th‑generation Intel Core i3","16GB 2666MHz DDR4 SDRAM","256GB SSD/Flash","Intel UHD Graphics 630","Mouse is not included and must be purchased separately","Keyboard is not included and must be purchased separately","UK Power Supply","Space Grey","10 Gigabit Ethernet (Nbase-T Ethernet with support for 1Gb, 2.5Gb, 5Gb and 10Gb Ethernet using RJ‑45 connector)",0,1040.83,1011.92
4947651,"Z0W1_2000383789_CTO","MRTR2B/A","3.6GHz quad‑core 8th‑generation Intel Core i3","16GB 2666MHz DDR4 SDRAM","512GB SSD/Flash","Intel UHD Graphics 630","Mouse is not included and must be purchased separately","Keyboard is not included and must be purchased separately","UK Power Supply","Space Grey","Gigabit Ethernet (10/100/1000BASE-T Gigabit Ethernet using RJ-45 connector)",0,1115.83,1084.1
4947691,"Z0W1_2000386712_CTO","MRTR2B/A","3.6GHz quad‑core 8th‑generation Intel Core i3","16GB 2666MHz DDR4 SDRAM","512GB SSD/Flash","Intel UHD Graphics 630","Mouse is not included and must be purchased separately","Keyboard is not included and must be purchased separately","UK Power Supply","Space Grey","10 Gigabit Ethernet (Nbase-T Ethernet with support for 1Gb, 2.5Gb, 5Gb and 10Gb Ethernet using RJ‑45 connector)",0,1190.83,1157.28
4947652,"Z0W1_2000385095_CTO","MRTR2B/A","3.6GHz quad‑core 8th‑generation Intel Core i3","16GB 2666MHz DDR4 SDRAM","1TB SSD/Flash","Intel UHD Graphics 630","Mouse is not included and must be purchased separately","Keyboard is not included and must be purchased separately","UK Power Supply","Space Grey","Gigabit Ethernet (10/100/1000BASE-T Gigabit Ethernet using RJ-45 connector)",0,1265.83,1230.47
4947692,"Z0W1_2000394463_CTO","MRTR2B/A","3.6GHz quad‑core 8th‑generation Intel Core i3","16GB 2666MHz DDR4 SDRAM","1TB SSD/Flash","Intel UHD Graphics 630","Mouse is not included and must be purchased separately","Keyboard is not included and must be purchased separately","UK Power Supply","Space Grey","10 Gigabit Ethernet (Nbase-T Ethernet with support for 1Gb, 2.5Gb, 5Gb and 10Gb Ethernet using RJ‑45 connector)",0,1340.83,1303.65
4947653,"Z0W1_2000385096_CTO","MRTR2B/A","3.6GHz quad‑core 8th‑generation Intel Core i3","16GB 2666MHz DDR4 SDRAM","2TB SSD/Flash","Intel UHD Graphics 630","Mouse is not included and must be purchased separately","Keyboard is not included and must be purchased separately","UK Power Supply","Space Grey","Gigabit Ethernet (10/100/1000BASE-T Gigabit Ethernet using RJ-45 connector)",0,1565.83,1522.19
4947693,"Z0W1_59_GB_CTO","MRTR2B/A","3.6GHz quad‑core 8th‑generation Intel Core i3","16GB 2666MHz DDR4 SDRAM","2TB SSD/Flash","Intel UHD Graphics 630","Mouse is not included and must be purchased separately","Keyboard is not included and must be purchased separately","UK Power Supply","Space Grey","10 Gigabit Ethernet (Nbase-T Ethernet with support for 1Gb, 2.5Gb, 5Gb and 10Gb Ethernet using RJ‑45 connector)",0,1640.83,1595.37
4944295,"Z0W1_2000384625_CTO","MRTR2B/A","3.6GHz quad‑core 8th‑generation Intel Core i3","32GB 2666MHz DDR4 SDRAM","128GB SSD","Intel UHD Graphics 630","Mouse is not included and must be purchased separately","Keyboard is not included and must be purchased separately","UK Power Supply","Space Grey","Gigabit Ethernet (10/100/1000BASE-T Gigabit Ethernet using RJ-45 connector)",0,1115.83,1084.1
4947677,"Z0W1_43_GB_CTO","MRTR2B/A","3.6GHz quad‑core 8th‑generation Intel Core i3","32GB 2666MHz DDR4 SDRAM","128GB SSD","Intel UHD Graphics 630","Mouse is not included and must be purchased separately","Keyboard is not included and must be purchased separately","UK Power Supply","Space Grey","10 Gigabit Ethernet (Nbase-T Ethernet with support for 1Gb, 2.5Gb, 5Gb and 10Gb Ethernet using RJ‑45 connector)",0,1190.83,1157.28
4947654,"Z0W1_2000385098_CTO","MRTR2B/A","3.6GHz quad‑core 8th‑generation Intel Core i3","32GB 2666MHz DDR4 SDRAM","256GB SSD/Flash","Intel UHD Graphics 630","Mouse is not included and must be purchased separately","Keyboard is not included and must be purchased separately","UK Power Supply","Space Grey","Gigabit Ethernet (10/100/1000BASE-T Gigabit Ethernet using RJ-45 connector)",0,1265.83,1230.47
4947694,"Z0W1_60_GB_CTO","MRTR2B/A","3.6GHz quad‑core 8th‑generation Intel Core i3","32GB 2666MHz DDR4 SDRAM","256GB SSD/Flash","Intel UHD Graphics 630","Mouse is not included and must be purchased separately","Keyboard is not included and must be purchased separately","UK Power Supply","Space Grey","10 Gigabit Ethernet (Nbase-T Ethernet with support for 1Gb, 2.5Gb, 5Gb and 10Gb Ethernet using RJ‑45 connector)",0,1340.83,1303.65
4947655,"Z0W1_2000385099_CTO","MRTR2B/A","3.6GHz quad‑core 8th‑generation Intel Core i3","32GB 2666MHz DDR4 SDRAM","512GB SSD/Flash","Intel UHD Graphics 630","Mouse is not included and must be purchased separately","Keyboard is not included and must be purchased separately","UK Power Supply","Space Grey","Gigabit Ethernet (10/100/1000BASE-T Gigabit Ethernet using RJ-45 connector)",0,1415.83,1375.83
4947695,"Z0W1_2000446122_CTO","MRTR2B/A","3.6GHz quad‑core 8th‑generation Intel Core i3","32GB 2666MHz DDR4 SDRAM","512GB SSD/Flash","Intel UHD Graphics 630","Mouse is not included and must be purchased separately","Keyboard is not included and must be purchased separately","UK Power Supply","Space Grey","10 Gigabit Ethernet (Nbase-T Ethernet with support for 1Gb, 2.5Gb, 5Gb and 10Gb Ethernet using RJ‑45 connector)",0,1490.83,1449.01
4947656,"Z0W1_2000385100_CTO","MRTR2B/A","3.6GHz quad‑core 8th‑generation Intel Core i3","32GB 2666MHz DDR4 SDRAM","1TB SSD/Flash","Intel UHD Graphics 630","Mouse is not included and must be purchased separately","Keyboard is not included and must be purchased separately","UK Power Supply","Space Grey","Gigabit Ethernet (10/100/1000BASE-T Gigabit Ethernet using RJ-45 connector)",0,1565.83,1522.2
4947696,"Z0W1_62_GB_CTO","MRTR2B/A","3.6GHz quad‑core 8th‑generation Intel Core i3","32GB 2666MHz DDR4 SDRAM","1TB SSD/Flash","Intel UHD Graphics 630","Mouse is not included and must be purchased separately","Keyboard is not included and must be purchased separately","UK Power Supply","Space Grey","10 Gigabit Ethernet (Nbase-T Ethernet with support for 1Gb, 2.5Gb, 5Gb and 10Gb Ethernet using RJ‑45 connector)",0,1640.83,1595.38
4947657,"Z0W1_2000385101_CTO","MRTR2B/A","3.6GHz quad‑core 8th‑generation Intel Core i3","32GB 2666MHz DDR4 SDRAM","2TB SSD/Flash","Intel UHD Graphics 630","Mouse is not included and must be purchased separately","Keyboard is not included and must be purchased separately","UK Power Supply","Space Grey","Gigabit Ethernet (10/100/1000BASE-T Gigabit Ethernet using RJ-45 connector)",0,1865.83,1813.92
4947697,"Z0W1_63_GB_CTO","MRTR2B/A","3.6GHz quad‑core 8th‑generation Intel Core i3","32GB 2666MHz DDR4 SDRAM","2TB SSD/Flash","Intel UHD Graphics 630","Mouse is not included and must be purchased separately","Keyboard is not included and must be purchased separately","UK Power Supply","Space Grey","10 Gigabit Ethernet (Nbase-T Ethernet with support for 1Gb, 2.5Gb, 5Gb and 10Gb Ethernet using RJ‑45 connector)",0,1940.83,1887.1
4944296,"Z0W1_2000385087_CTO","MRTR2B/A","3.6GHz quad‑core 8th‑generation Intel Core i3","64GB 2666MHz DDR4 SDRAM ","128GB SSD","Intel UHD Graphics 630","Mouse is not included and must be purchased separately","Keyboard is not included and must be purchased separately","UK Power Supply","Space Grey","Gigabit Ethernet (10/100/1000BASE-T Gigabit Ethernet using RJ-45 connector)",0,1415.83,1375.82
4947678,"Z0W1_44_GB_CTO","MRTR2B/A","3.6GHz quad‑core 8th‑generation Intel Core i3","64GB 2666MHz DDR4 SDRAM ","128GB SSD","Intel UHD Graphics 630","Mouse is not included and must be purchased separately","Keyboard is not included and must be purchased separately","UK Power Supply","Space Grey","10 Gigabit Ethernet (Nbase-T Ethernet with support for 1Gb, 2.5Gb, 5Gb and 10Gb Ethernet using RJ‑45 connector)",0,1490.83,1449
4947658,"Z0W1_2000385102_CTO","MRTR2B/A","3.6GHz quad‑core 8th‑generation Intel Core i3","64GB 2666MHz DDR4 SDRAM ","256GB SSD/Flash","Intel UHD Graphics 630","Mouse is not included and must be purchased separately","Keyboard is not included and must be purchased separately","UK Power Supply","Space Grey","Gigabit Ethernet (10/100/1000BASE-T Gigabit Ethernet using RJ-45 connector)",0,1565.83,1522.19
4947698,"Z0W1_64_GB_CTO","MRTR2B/A","3.6GHz quad‑core 8th‑generation Intel Core i3","64GB 2666MHz DDR4 SDRAM ","256GB SSD/Flash","Intel UHD Graphics 630","Mouse is not included and must be purchased separately","Keyboard is not included and must be purchased separately","UK Power Supply","Space Grey","10 Gigabit Ethernet (Nbase-T Ethernet with support for 1Gb, 2.5Gb, 5Gb and 10Gb Ethernet using RJ‑45 connector)",0,1640.83,1595.37
4947659,"Z0W1_2000385103_CTO","MRTR2B/A","3.6GHz quad‑core 8th‑generation Intel Core i3","64GB 2666MHz DDR4 SDRAM ","512GB SSD/Flash","Intel UHD Graphics 630","Mouse is not included and must be purchased separately","Keyboard is not included and must be purchased separately","UK Power Supply","Space Grey","Gigabit Ethernet (10/100/1000BASE-T Gigabit Ethernet using RJ-45 connector)",0,1715.83,1667.55
4947699,"Z0W1_65_GB_CTO","MRTR2B/A","3.6GHz quad‑core 8th‑generation Intel Core i3","64GB 2666MHz DDR4 SDRAM ","512GB SSD/Flash","Intel UHD Graphics 630","Mouse is not included and must be purchased separately","Keyboard is not included and must be purchased separately","UK Power Supply","Space Grey","10 Gigabit Ethernet (Nbase-T Ethernet with support for 1Gb, 2.5Gb, 5Gb and 10Gb Ethernet using RJ‑45 connector)",0,1790.83,1740.73
4947660,"Z0W1_2000385104_CTO","MRTR2B/A","3.6GHz quad‑core 8th‑generation Intel Core i3","64GB 2666MHz DDR4 SDRAM ","1TB SSD/Flash","Intel UHD Graphics 630","Mouse is not included and must be purchased separately","Keyboard is not included and must be purchased separately","UK Power Supply","Space Grey","Gigabit Ethernet (10/100/1000BASE-T Gigabit Ethernet using RJ-45 connector)",0,1865.83,1813.92
4947700,"Z0W1_66_GB_CTO","MRTR2B/A","3.6GHz quad‑core 8th‑generation Intel Core i3","64GB 2666MHz DDR4 SDRAM ","1TB SSD/Flash","Intel UHD Graphics 630","Mouse is not included and must be purchased separately","Keyboard is not included and must be purchased separately","UK Power Supply","Space Grey","10 Gigabit Ethernet (Nbase-T Ethernet with support for 1Gb, 2.5Gb, 5Gb and 10Gb Ethernet using RJ‑45 connector)",0,1940.83,1887.1
4947661,"Z0W1_2000385105_CTO","MRTR2B/A","3.6GHz quad‑core 8th‑generation Intel Core i3","64GB 2666MHz DDR4 SDRAM ","2TB SSD/Flash","Intel UHD Graphics 630","Mouse is not included and must be purchased separately","Keyboard is not included and must be purchased separately","UK Power Supply","Space Grey","Gigabit Ethernet (10/100/1000BASE-T Gigabit Ethernet using RJ-45 connector)",0,2165.83,2105.64
4947701,"Z0W1_67_GB_CTO","MRTR2B/A","3.6GHz quad‑core 8th‑generation Intel Core i3","64GB 2666MHz DDR4 SDRAM ","2TB SSD/Flash","Intel UHD Graphics 630","Mouse is not included and must be purchased separately","Keyboard is not included and must be purchased separately","UK Power Supply","Space Grey","10 Gigabit Ethernet (Nbase-T Ethernet with support for 1Gb, 2.5Gb, 5Gb and 10Gb Ethernet using RJ‑45 connector)",0,2240.83,2178.82
4944293,"Z0W1_2000383708_CTO","MRTR2B/A","3.2GHz 6‑core 8th‑generation Intel Core i7 (Turbo Boost up to 4.6GHz)","8GB 2666MHz DDR4 SDRAM","128GB SSD","Intel UHD Graphics 630","Mouse is not included and must be purchased separately","Keyboard is not included and must be purchased separately","UK Power Supply","Space Grey","Gigabit Ethernet (10/100/1000BASE-T Gigabit Ethernet using RJ-45 connector)",0,890.83,864.55
4947675,"Z0W1_2000401071_CTO","MRTR2B/A","3.2GHz 6‑core 8th‑generation Intel Core i7 (Turbo Boost up to 4.6GHz)","8GB 2666MHz DDR4 SDRAM","128GB SSD","Intel UHD Graphics 630","Mouse is not included and must be purchased separately","Keyboard is not included and must be purchased separately","UK Power Supply","Space Grey","10 Gigabit Ethernet (Nbase-T Ethernet with support for 1Gb, 2.5Gb, 5Gb and 10Gb Ethernet using RJ‑45 connector)",0,965.83,937.73
4947614,"Z0W1_2000383788_CTO","MRTR2B/A","3.2GHz 6‑core 8th‑generation Intel Core i7 (Turbo Boost up to 4.6GHz)","8GB 2666MHz DDR4 SDRAM","256GB SSD/Flash","Intel UHD Graphics 630","Mouse is not included and must be purchased separately","Keyboard is not included and must be purchased separately","UK Power Supply","Space Grey","Gigabit Ethernet (10/100/1000BASE-T Gigabit Ethernet using RJ-45 connector)",0,1040.83,1010.92
4947686,"Z0W1_2000383793_CTO","MRTR2B/A","3.2GHz 6‑core 8th‑generation Intel Core i7 (Turbo Boost up to 4.6GHz)","8GB 2666MHz DDR4 SDRAM","256GB SSD/Flash","Intel UHD Graphics 630","Mouse is not included and must be purchased separately","Keyboard is not included and must be purchased separately","UK Power Supply","Space Grey","10 Gigabit Ethernet (Nbase-T Ethernet with support for 1Gb, 2.5Gb, 5Gb and 10Gb Ethernet using RJ‑45 connector)",0,1115.83,1084.1
4947615,"Z0W1_2000384518_CTO","MRTR2B/A","3.2GHz 6‑core 8th‑generation Intel Core i7 (Turbo Boost up to 4.6GHz)","8GB 2666MHz DDR4 SDRAM","512GB SSD/Flash","Intel UHD Graphics 630","Mouse is not included and must be purchased separately","Keyboard is not included and must be purchased separately","UK Power Supply","Space Grey","Gigabit Ethernet (10/100/1000BASE-T Gigabit Ethernet using RJ-45 connector)",3,1190.83,1156.28
4947687,"Z0W1_2000383710_CTO","MRTR2B/A","3.2GHz 6‑core 8th‑generation Intel Core i7 (Turbo Boost up to 4.6GHz)","8GB 2666MHz DDR4 SDRAM","512GB SSD/Flash","Intel UHD Graphics 630","Mouse is not included and must be purchased separately","Keyboard is not included and must be purchased separately","UK Power Supply","Space Grey","10 Gigabit Ethernet (Nbase-T Ethernet with support for 1Gb, 2.5Gb, 5Gb and 10Gb Ethernet using RJ‑45 connector)",0,1265.83,1229.46
4947616,"Z0W1_2000385093_CTO","MRTR2B/A","3.2GHz 6‑core 8th‑generation Intel Core i7 (Turbo Boost up to 4.6GHz)","8GB 2666MHz DDR4 SDRAM","1TB SSD/Flash","Intel UHD Graphics 630","Mouse is not included and must be purchased separately","Keyboard is not included and must be purchased separately","UK Power Supply","Space Grey","Gigabit Ethernet (10/100/1000BASE-T Gigabit Ethernet using RJ-45 connector)",2,1340.83,1302.65
4947688,"Z0W1_2000383711_CTO","MRTR2B/A","3.2GHz 6‑core 8th‑generation Intel Core i7 (Turbo Boost up to 4.6GHz)","8GB 2666MHz DDR4 SDRAM","1TB SSD/Flash","Intel UHD Graphics 630","Mouse is not included and must be purchased separately","Keyboard is not included and must be purchased separately","UK Power Supply","Space Grey","10 Gigabit Ethernet (Nbase-T Ethernet with support for 1Gb, 2.5Gb, 5Gb and 10Gb Ethernet using RJ‑45 connector)",0,1415.83,1375.83
4947617,"Z0W1_2000385094_CTO","MRTR2B/A","3.2GHz 6‑core 8th‑generation Intel Core i7 (Turbo Boost up to 4.6GHz)","8GB 2666MHz DDR4 SDRAM","2TB SSD/Flash","Intel UHD Graphics 630","Mouse is not included and must be purchased separately","Keyboard is not included and must be purchased separately","UK Power Supply","Space Grey","Gigabit Ethernet (10/100/1000BASE-T Gigabit Ethernet using RJ-45 connector)",0,1640.83,1594.37
4947689,"Z0W1_2000383794_CTO","MRTR2B/A","3.2GHz 6‑core 8th‑generation Intel Core i7 (Turbo Boost up to 4.6GHz)","8GB 2666MHz DDR4 SDRAM","2TB SSD/Flash","Intel UHD Graphics 630","Mouse is not included and must be purchased separately","Keyboard is not included and must be purchased separately","UK Power Supply","Space Grey","10 Gigabit Ethernet (Nbase-T Ethernet with support for 1Gb, 2.5Gb, 5Gb and 10Gb Ethernet using RJ‑45 connector)",0,1715.83,1667.55
4944297,"Z0W1_2000385088_CTO","MRTR2B/A","3.2GHz 6‑core 8th‑generation Intel Core i7 (Turbo Boost up to 4.6GHz)","16GB 2666MHz DDR4 SDRAM","128GB SSD","Intel UHD Graphics 630","Mouse is not included and must be purchased separately","Keyboard is not included and must be purchased separately","UK Power Supply","Space Grey","Gigabit Ethernet (10/100/1000BASE-T Gigabit Ethernet using RJ-45 connector)",0,1040.83,1010.92
4947679,"Z0W1_2000395097_CTO","MRTR2B/A","3.2GHz 6‑core 8th‑generation Intel Core i7 (Turbo Boost up to 4.6GHz)","16GB 2666MHz DDR4 SDRAM","128GB SSD","Intel UHD Graphics 630","Mouse is not included and must be purchased separately","Keyboard is not included and must be purchased separately","UK Power Supply","Space Grey","10 Gigabit Ethernet (Nbase-T Ethernet with support for 1Gb, 2.5Gb, 5Gb and 10Gb Ethernet using RJ‑45 connector)",0,1115.83,1084.1
4947662,"Z0W1_2000383709_CTO","MRTR2B/A","3.2GHz 6‑core 8th‑generation Intel Core i7 (Turbo Boost up to 4.6GHz)","16GB 2666MHz DDR4 SDRAM","256GB SSD/Flash","Intel UHD Graphics 630","Mouse is not included and must be purchased separately","Keyboard is not included and must be purchased separately","UK Power Supply","Space Grey","Gigabit Ethernet (10/100/1000BASE-T Gigabit Ethernet using RJ-45 connector)",0,1190.83,1157.29
4947702,"Z0W1_2000392553_CTO","MRTR2B/A","3.2GHz 6‑core 8th‑generation Intel Core i7 (Turbo Boost up to 4.6GHz)","16GB 2666MHz DDR4 SDRAM","256GB SSD/Flash","Intel UHD Graphics 630","Mouse is not included and must be purchased separately","Keyboard is not included and must be purchased separately","UK Power Supply","Space Grey","10 Gigabit Ethernet (Nbase-T Ethernet with support for 1Gb, 2.5Gb, 5Gb and 10Gb Ethernet using RJ‑45 connector)",0,1265.83,1230.47
4947663,"Z0W1_2000385106_CTO","MRTR2B/A","3.2GHz 6‑core 8th‑generation Intel Core i7 (Turbo Boost up to 4.6GHz)","16GB 2666MHz DDR4 SDRAM","512GB SSD/Flash","Intel UHD Graphics 630","Mouse is not included and must be purchased separately","Keyboard is not included and must be purchased separately","UK Power Supply","Space Grey","Gigabit Ethernet (10/100/1000BASE-T Gigabit Ethernet using RJ-45 connector)",0,1340.83,1302.65
4947703,"Z0W1_2000403706_CTO","MRTR2B/A","3.2GHz 6‑core 8th‑generation Intel Core i7 (Turbo Boost up to 4.6GHz)","16GB 2666MHz DDR4 SDRAM","512GB SSD/Flash","Intel UHD Graphics 630","Mouse is not included and must be purchased separately","Keyboard is not included and must be purchased separately","UK Power Supply","Space Grey","10 Gigabit Ethernet (Nbase-T Ethernet with support for 1Gb, 2.5Gb, 5Gb and 10Gb Ethernet using RJ‑45 connector)",0,1415.83,1375.83
4947664,"Z0W1_2000385107_CTO","MRTR2B/A","3.2GHz 6‑core 8th‑generation Intel Core i7 (Turbo Boost up to 4.6GHz)","16GB 2666MHz DDR4 SDRAM","1TB SSD/Flash","Intel UHD Graphics 630","Mouse is not included and must be purchased separately","Keyboard is not included and must be purchased separately","UK Power Supply","Space Grey","Gigabit Ethernet (10/100/1000BASE-T Gigabit Ethernet using RJ-45 connector)",0,1490.83,1449.02
4947704,"Z0W1_2000391082_CTO","MRTR2B/A","3.2GHz 6‑core 8th‑generation Intel Core i7 (Turbo Boost up to 4.6GHz)","16GB 2666MHz DDR4 SDRAM","1TB SSD/Flash","Intel UHD Graphics 630","Mouse is not included and must be purchased separately","Keyboard is not included and must be purchased separately","UK Power Supply","Space Grey","10 Gigabit Ethernet (Nbase-T Ethernet with support for 1Gb, 2.5Gb, 5Gb and 10Gb Ethernet using RJ‑45 connector)",0,1565.83,1522.2
4947665,"Z0W1_2000385108_CTO","MRTR2B/A","3.2GHz 6‑core 8th‑generation Intel Core i7 (Turbo Boost up to 4.6GHz)","16GB 2666MHz DDR4 SDRAM","2TB SSD/Flash","Intel UHD Graphics 630","Mouse is not included and must be purchased separately","Keyboard is not included and must be purchased separately","UK Power Supply","Space Grey","Gigabit Ethernet (10/100/1000BASE-T Gigabit Ethernet using RJ-45 connector)",0,1790.83,1740.74
4947705,"Z0W1_2000439125_CTO","MRTR2B/A","3.2GHz 6‑core 8th‑generation Intel Core i7 (Turbo Boost up to 4.6GHz)","16GB 2666MHz DDR4 SDRAM","2TB SSD/Flash","Intel UHD Graphics 630","Mouse is not included and must be purchased separately","Keyboard is not included and must be purchased separately","UK Power Supply","Space Grey","10 Gigabit Ethernet (Nbase-T Ethernet with support for 1Gb, 2.5Gb, 5Gb and 10Gb Ethernet using RJ‑45 connector)",0,1865.83,1813.92
4944298,"Z0W1_2000385089_CTO","MRTR2B/A","3.2GHz 6‑core 8th‑generation Intel Core i7 (Turbo Boost up to 4.6GHz)","32GB 2666MHz DDR4 SDRAM","128GB SSD","Intel UHD Graphics 630","Mouse is not included and must be purchased separately","Keyboard is not included and must be purchased separately","UK Power Supply","Space Grey","Gigabit Ethernet (10/100/1000BASE-T Gigabit Ethernet using RJ-45 connector)",0,1340.83,1302.65
4947680,"Z0W1_46_GB_CTO","MRTR2B/A","3.2GHz 6‑core 8th‑generation Intel Core i7 (Turbo Boost up to 4.6GHz)","32GB 2666MHz DDR4 SDRAM","128GB SSD","Intel UHD Graphics 630","Mouse is not included and must be purchased separately","Keyboard is not included and must be purchased separately","UK Power Supply","Space Grey","10 Gigabit Ethernet (Nbase-T Ethernet with support for 1Gb, 2.5Gb, 5Gb and 10Gb Ethernet using RJ‑45 connector)",0,1415.83,1375.83
4947666,"Z0W1_2000385110_CTO","MRTR2B/A","3.2GHz 6‑core 8th‑generation Intel Core i7 (Turbo Boost up to 4.6GHz)","32GB 2666MHz DDR4 SDRAM","256GB SSD/Flash","Intel UHD Graphics 630","Mouse is not included and must be purchased separately","Keyboard is not included and must be purchased separately","UK Power Supply","Space Grey","Gigabit Ethernet (10/100/1000BASE-T Gigabit Ethernet using RJ-45 connector)",0,1490.83,1449.02
4947706,"Z0W1_2000393156_CTO","MRTR2B/A","3.2GHz 6‑core 8th‑generation Intel Core i7 (Turbo Boost up to 4.6GHz)","32GB 2666MHz DDR4 SDRAM","256GB SSD/Flash","Intel UHD Graphics 630","Mouse is not included and must be purchased separately","Keyboard is not included and must be purchased separately","UK Power Supply","Space Grey","10 Gigabit Ethernet (Nbase-T Ethernet with support for 1Gb, 2.5Gb, 5Gb and 10Gb Ethernet using RJ‑45 connector)",0,1565.83,1522.2
4947667,"Z0W1_2000384519_CTO","MRTR2B/A","3.2GHz 6‑core 8th‑generation Intel Core i7 (Turbo Boost up to 4.6GHz)","32GB 2666MHz DDR4 SDRAM","512GB SSD/Flash","Intel UHD Graphics 630","Mouse is not included and must be purchased separately","Keyboard is not included and must be purchased separately","UK Power Supply","Space Grey","Gigabit Ethernet (10/100/1000BASE-T Gigabit Ethernet using RJ-45 connector)",0,1640.83,1594.38
4947707,"Z0W1_2000391359_CTO","MRTR2B/A","3.2GHz 6‑core 8th‑generation Intel Core i7 (Turbo Boost up to 4.6GHz)","32GB 2666MHz DDR4 SDRAM","512GB SSD/Flash","Intel UHD Graphics 630","Mouse is not included and must be purchased separately","Keyboard is not included and must be purchased separately","UK Power Supply","Space Grey","10 Gigabit Ethernet (Nbase-T Ethernet with support for 1Gb, 2.5Gb, 5Gb and 10Gb Ethernet using RJ‑45 connector)",0,1715.83,1667.56
4947668,"Z0W1_2000385111_CTO","MRTR2B/A","3.2GHz 6‑core 8th‑generation Intel Core i7 (Turbo Boost up to 4.6GHz)","32GB 2666MHz DDR4 SDRAM","1TB SSD/Flash","Intel UHD Graphics 630","Mouse is not included and must be purchased separately","Keyboard is not included and must be purchased separately","UK Power Supply","Space Grey","Gigabit Ethernet (10/100/1000BASE-T Gigabit Ethernet using RJ-45 connector)",0,1790.83,1740.75
4947708,"Z0W1_2000389456_CTO","MRTR2B/A","3.2GHz 6‑core 8th‑generation Intel Core i7 (Turbo Boost up to 4.6GHz)","32GB 2666MHz DDR4 SDRAM","1TB SSD/Flash","Intel UHD Graphics 630","Mouse is not included and must be purchased separately","Keyboard is not included and must be purchased separately","UK Power Supply","Space Grey","10 Gigabit Ethernet (Nbase-T Ethernet with support for 1Gb, 2.5Gb, 5Gb and 10Gb Ethernet using RJ‑45 connector)",0,1865.83,1813.93
4947669,"Z0W1_2000385112_CTO","MRTR2B/A","3.2GHz 6‑core 8th‑generation Intel Core i7 (Turbo Boost up to 4.6GHz)","32GB 2666MHz DDR4 SDRAM","2TB SSD/Flash","Intel UHD Graphics 630","Mouse is not included and must be purchased separately","Keyboard is not included and must be purchased separately","UK Power Supply","Space Grey","Gigabit Ethernet (10/100/1000BASE-T Gigabit Ethernet using RJ-45 connector)",0,2090.83,2032.47
4947709,"Z0W1_75_GB_CTO","MRTR2B/A","3.2GHz 6‑core 8th‑generation Intel Core i7 (Turbo Boost up to 4.6GHz)","32GB 2666MHz DDR4 SDRAM","2TB SSD/Flash","Intel UHD Graphics 630","Mouse is not included and must be purchased separately","Keyboard is not included and must be purchased separately","UK Power Supply","Space Grey","10 Gigabit Ethernet (Nbase-T Ethernet with support for 1Gb, 2.5Gb, 5Gb and 10Gb Ethernet using RJ‑45 connector)",0,2165.83,2105.65
4944299,"Z0W1_2000385090_CTO","MRTR2B/A","3.2GHz 6‑core 8th‑generation Intel Core i7 (Turbo Boost up to 4.6GHz)","64GB 2666MHz DDR4 SDRAM ","128GB SSD","Intel UHD Graphics 630","Mouse is not included and must be purchased separately","Keyboard is not included and must be purchased separately","UK Power Supply","Space Grey","Gigabit Ethernet (10/100/1000BASE-T Gigabit Ethernet using RJ-45 connector)",0,1640.83,1594.37
4947681,"Z0W1_47_GB_CTO","MRTR2B/A","3.2GHz 6‑core 8th‑generation Intel Core i7 (Turbo Boost up to 4.6GHz)","64GB 2666MHz DDR4 SDRAM ","128GB SSD","Intel UHD Graphics 630","Mouse is not included and must be purchased separately","Keyboard is not included and must be purchased separately","UK Power Supply","Space Grey","10 Gigabit Ethernet (Nbase-T Ethernet with support for 1Gb, 2.5Gb, 5Gb and 10Gb Ethernet using RJ‑45 connector)",0,1715.83,1667.55
4947670,"Z0W1_2000385113_CTO","MRTR2B/A","3.2GHz 6‑core 8th‑generation Intel Core i7 (Turbo Boost up to 4.6GHz)","64GB 2666MHz DDR4 SDRAM ","256GB SSD/Flash","Intel UHD Graphics 630","Mouse is not included and must be purchased separately","Keyboard is not included and must be purchased separately","UK Power Supply","Space Grey","Gigabit Ethernet (10/100/1000BASE-T Gigabit Ethernet using RJ-45 connector)",0,1790.83,1740.74
4947710,"Z0W1_76_GB_CTO","MRTR2B/A","3.2GHz 6‑core 8th‑generation Intel Core i7 (Turbo Boost up to 4.6GHz)","64GB 2666MHz DDR4 SDRAM ","256GB SSD/Flash","Intel UHD Graphics 630","Mouse is not included and must be purchased separately","Keyboard is not included and must be purchased separately","UK Power Supply","Space Grey","10 Gigabit Ethernet (Nbase-T Ethernet with support for 1Gb, 2.5Gb, 5Gb and 10Gb Ethernet using RJ‑45 connector)",0,1865.83,1813.92
4947671,"Z0W1_2000385114_CTO","MRTR2B/A","3.2GHz 6‑core 8th‑generation Intel Core i7 (Turbo Boost up to 4.6GHz)","64GB 2666MHz DDR4 SDRAM ","512GB SSD/Flash","Intel UHD Graphics 630","Mouse is not included and must be purchased separately","Keyboard is not included and must be purchased separately","UK Power Supply","Space Grey","Gigabit Ethernet (10/100/1000BASE-T Gigabit Ethernet using RJ-45 connector)",0,1940.83,1886.1
4947711,"Z0W1_77_GB_CTO","MRTR2B/A","3.2GHz 6‑core 8th‑generation Intel Core i7 (Turbo Boost up to 4.6GHz)","64GB 2666MHz DDR4 SDRAM ","512GB SSD/Flash","Intel UHD Graphics 630","Mouse is not included and must be purchased separately","Keyboard is not included and must be purchased separately","UK Power Supply","Space Grey","10 Gigabit Ethernet (Nbase-T Ethernet with support for 1Gb, 2.5Gb, 5Gb and 10Gb Ethernet using RJ‑45 connector)",0,2015.83,1959.28
4947672,"Z0W1_2000385115_CTO","MRTR2B/A","3.2GHz 6‑core 8th‑generation Intel Core i7 (Turbo Boost up to 4.6GHz)","64GB 2666MHz DDR4 SDRAM ","1TB SSD/Flash","Intel UHD Graphics 630","Mouse is not included and must be purchased separately","Keyboard is not included and must be purchased separately","UK Power Supply","Space Grey","Gigabit Ethernet (10/100/1000BASE-T Gigabit Ethernet using RJ-45 connector)",0,2090.83,2032.47
4947712,"Z0W1_2000395333_CTO","MRTR2B/A","3.2GHz 6‑core 8th‑generation Intel Core i7 (Turbo Boost up to 4.6GHz)","64GB 2666MHz DDR4 SDRAM ","1TB SSD/Flash","Intel UHD Graphics 630","Mouse is not included and must be purchased separately","Keyboard is not included and must be purchased separately","UK Power Supply","Space Grey","10 Gigabit Ethernet (Nbase-T Ethernet with support for 1Gb, 2.5Gb, 5Gb and 10Gb Ethernet using RJ‑45 connector)",0,2165.83,2105.65
4947673,"Z0W1_2000385116_CTO","MRTR2B/A","3.2GHz 6‑core 8th‑generation Intel Core i7 (Turbo Boost up to 4.6GHz)","64GB 2666MHz DDR4 SDRAM ","2TB SSD/Flash","Intel UHD Graphics 630","Mouse is not included and must be purchased separately","Keyboard is not included and must be purchased separately","UK Power Supply","Space Grey","Gigabit Ethernet (10/100/1000BASE-T Gigabit Ethernet using RJ-45 connector)",0,2390.83,2324.19
4947713,"Z0W1_2000386713_CTO","MRTR2B/A","3.2GHz 6‑core 8th‑generation Intel Core i7 (Turbo Boost up to 4.6GHz)","64GB 2666MHz DDR4 SDRAM ","2TB SSD/Flash","Intel UHD Graphics 630","Mouse is not included and must be purchased separately","Keyboard is not included and must be purchased separately","UK Power Supply","Space Grey","10 Gigabit Ethernet (Nbase-T Ethernet with support for 1Gb, 2.5Gb, 5Gb and 10Gb Ethernet using RJ‑45 connector)",0,2465.83,2397.37
